gender,name.title,name.first,name.last,location.street.number,location.street.name,location.city,location.state,location.country,location.postcode,location.coordinates.latitude,location.coordinates.longitude,location.timezone.offset,location.timezone.description,email,login.uuid,login.username,login.password,login.salt,login.md5,login.sha1,login.sha256,dob.date,dob.age,registered.date,registered.age,phone,cell,id.name,id.value,picture.large,picture.medium,picture.thumbnail,nat
male,Mr,Volkan,Yorulmaz,9902,Necatibey Cd,Niğde,Van,Turkey,80218,68.9318,-113.1043,-2:00,Mid-Atlantic,volkan.yorulmaz@example.com,fe6f8acc-5cd3-4573-ba06-99157d33479f,angrygorilla609,nolimit,wV1nvDpT,9a58fa46524957662e41f8fa5c6753c6,a46c0e663ecdd8a145ec2bcb25a8eff2e4b13131,e9941afbe3ed8d047aad0ed7f8c4eaadc7fab8fc23b6984f522ab921cb14d9c5,1977-01-17T21:31:04.360Z,45,2004-06-26T23:45:58.116Z,18,(482)-224-6992,(625)-908-7883,,,https://randomuser.me/api/portraits/men/37.jpg,https://randomuser.me/api/portraits/med/men/37.jpg,https://randomuser.me/api/portraits/thumb/men/37.jpg,TR
female,Mademoiselle,Katja,Guerin,1474,Boulevard de Balmont,Hemishofen,Schwyz,Switzerland,6574,87.7447,-80.0812,+2:00,"Kaliningrad, South Africa",katja.guerin@example.com,a39e0dbd-e52c-486d-8226-9ce8e96289f7,lazyzebra210,wildcat,3H6LAjFK,6406f158ba03b76a478544fa379f5120,55e13f71d0cb19df03c6656bb9fd2509e2ff01bc,2240f5407bb1942cc401248cb714a77715494f268ba7822fcae40111984e0850,1955-05-17T07:54:47.740Z,67,2007-12-07T03:50:13.034Z,14,077 713 53 93,079 503 26 86,AVS,756.7407.4892.54,https://randomuser.me/api/portraits/women/28.jpg,https://randomuser.me/api/portraits/med/women/28.jpg,https://randomuser.me/api/portraits/thumb/women/28.jpg,CH
male,Mr,آراد,كامياران,343,ایران,آبادان,گیلان,Iran,65440,86.2711,-135.6483,-8:00,Pacific Time (US & Canada),ard.kmyrn@example.com,344198c1-486f-45f8-964b-dab70b7ee397,angrysnake447,lady,e1gmBfYb,500068813b9b0262bde83e7aa4309064,87a94f1ac761a0e189a7d6d87ae4f651df75ccbe,b7b9ef557b28d23083b1419f51b7450df254341f25f803364fcf0be6e844cef0,1947-11-26T02:58:18.504Z,74,2006-04-16T09:24:47.407Z,16,027-93570208,0917-810-4848,,,https://randomuser.me/api/portraits/men/29.jpg,https://randomuser.me/api/portraits/med/men/29.jpg,https://randomuser.me/api/portraits/thumb/men/29.jpg,IR
male,Mr,Tassilo,Sigl,6502,Friedhofstraße,Könnern,Berlin,Germany,19148,19.5259,-17.6623,-5:00,"Eastern Time (US & Canada), Bogota, Lima",tassilo.sigl@example.com,082020f9-1d13-471c-880d-60343ce59b03,crazysnake436,wings,zdJAB1fX,9d93bccd05fdac991284de178f78d6a5,d77d636fcde01914f9ad806ad2f773f72407d523,ff43c6d1192e0fddcbdac10cead58126dc3576a2a1765d73aac59f435e73a007,1973-11-17T20:11:25.276Z,48,2010-09-28T03:17:09.057Z,12,0722-4091700,0175-0516260,SVNR,72 171173 S 139,https://randomuser.me/api/portraits/men/98.jpg,https://randomuser.me/api/portraits/med/men/98.jpg,https://randomuser.me/api/portraits/thumb/men/98.jpg,DE
female,Ms,Claire,Gilbert,5730,Park Road,Greystones,Clare,Ireland,39669,-87.7101,139.6925,-3:30,Newfoundland,claire.gilbert@example.com,1bd307e7-e32e-4d3a-9721-61967d1cf4d5,silverrabbit637,diver1,6Z3xb3bq,1febd54b60b307400e6ca56b37baa16d,222802cbdd57f24dcef05318aa895caf36d3542c,8681239a40e2bef696c427ded698efe3bd6407e1c73ffe62f2a0d2d49ea34c6e,1986-01-25T08:52:41.832Z,36,2021-01-06T16:33:12.355Z,1,021-877-0959,081-877-3869,PPS,5095443T,https://randomuser.me/api/portraits/women/94.jpg,https://randomuser.me/api/portraits/med/women/94.jpg,https://randomuser.me/api/portraits/thumb/women/94.jpg,IE
male,Mr,Sales,Teixeira,7273,Rua Rio de Janeiro ,Araucária,Pernambuco,Brazil,58044,2.7005,-27.9179,-4:00,"Atlantic Time (Canada), Caracas, La Paz",sales.teixeira@example.com,fc4370e2-c108-4082-94a1-d4e7945a59a7,angrysnake326,meatball,vCAAPqTW,169e24f0be52055305d65fe8e16a6ab2,a28e9ef70809e69fab3062453a8037a596a81958,4411b8e2f3a689ddab778e4dbe0b28ebbe749a0e213f071a0eb4a116b4012c80,1950-07-12T15:13:37.478Z,72,2015-07-08T14:18:20.920Z,7,(23) 9079-1881,(47) 7398-1847,CPF,787.366.186-70,https://randomuser.me/api/portraits/men/70.jpg,https://randomuser.me/api/portraits/med/men/70.jpg,https://randomuser.me/api/portraits/thumb/men/70.jpg,BR
female,Mrs,Marie,Møller,8272,Poppelvej,Randers Nv,Danmark,Denmark,21073,-72.6712,-61.3211,+4:30,Kabul,marie.moller@example.com,ede60d04-4cc9-4bef-bdcb-1e8fdcb5eae8,lazypeacock938,brandy1,591CqQwX,8d6340c2aaf7c8fe0c80cee7fef92aa2,e5e8c5b964b51f8a13cca20c617cd42fa803b6d1,e177db5bc75edd51ea20b3e432b85103f32e798109a9b3e5d0a597ca804ee021,1965-03-31T06:09:19.115Z,57,2003-10-02T04:12:29.808Z,19,41127906,73094664,CPR,310365-4784,https://randomuser.me/api/portraits/women/94.jpg,https://randomuser.me/api/portraits/med/women/94.jpg,https://randomuser.me/api/portraits/thumb/women/94.jpg,DK
female,Mrs,Stephanie,Stone,2643,Church Lane,Inverness,Mid Glamorgan,United Kingdom,G5 2XD,-89.3642,153.5255,-9:00,Alaska,stephanie.stone@example.com,966517df-4b91-4985-b66a-4bc90d41ab46,beautifuldog697,babes,7yPgGN7o,fc94005595c525c706aa9599c98b4735,743daa5e84a7c2dfcf0eeb04b3b012d2f993f7fb,152a03809ef6cdac2627d3bab06b4c0ac4015e3f3bbcb570218a87c44595d1e3,1950-08-24T04:36:30.228Z,72,2020-10-25T14:44:10.177Z,1,015394 53408,07213 430050,NINO,RC 33 38 76 I,https://randomuser.me/api/portraits/women/0.jpg,https://randomuser.me/api/portraits/med/women/0.jpg,https://randomuser.me/api/portraits/thumb/women/0.jpg,GB
female,Ms,Simona,Kiyak,875,Taraskova,Bilozerske,Harkivska,Ukraine,52038,80.4926,-162.9376,+9:30,"Adelaide, Darwin",simona.kiyak@example.com,cf1de27c-c5fd-43d6-8cdc-4b93eab04ba9,yellowfish260,monopoly,gz2aLVgy,6480549d104fc3563dd92b6832acd730,0bbf3d2d1533c4ca6ff68659d5e5ad0f8aa33525,0d604c479d78891838a892242a3804dbccf0c35b70ea921a9542f85424de3289,1988-08-03T12:26:53.304Z,34,2014-06-03T17:06:34.793Z,8,(097) E46-4047,(099) A65-5388,,,https://randomuser.me/api/portraits/women/68.jpg,https://randomuser.me/api/portraits/med/women/68.jpg,https://randomuser.me/api/portraits/thumb/women/68.jpg,UA
female,Ms,درسا,حسینی,4846,سبلان جنوبی,بندرعباس,البرز,Iran,11595,-7.8243,49.6048,+1:00,"Brussels, Copenhagen, Madrid, Paris",drs.hsyny@example.com,da901efd-74b5-4c27-be51-f6113be1ac40,redzebra818,bucks,tYMdsy3I,a65c5b4ce47a5f63826b9fdc39b3b44d,06a020ced61709414622754e5006a5a541521f7d,046fe5a3c16ede70651daf7147f81bf338af45a905510ac635b2d66444c069df,1995-07-02T09:05:56.025Z,27,2011-02-03T07:06:54.490Z,11,057-54204955,0949-066-6097,,,https://randomuser.me/api/portraits/women/36.jpg,https://randomuser.me/api/portraits/med/women/36.jpg,https://randomuser.me/api/portraits/thumb/women/36.jpg,IR
male,Mr,Allen,Simmmons,4628,Church Lane,Ely,Strathclyde,United Kingdom,T86 0GG,89.1542,-25.3047,-10:00,Hawaii,allen.simmmons@example.com,a967be77-9ee5-4241-aa3f-6a18af3103a1,yellowfish543,joe123,CaXi3IUz,1a8fbf0cf61a6a68a3f17fb2b84d1c29,971ab183e9e180e3f6e0d7a621cf522cce2bd48b,5549ef5dcecf48bef522ad439227a6467b6f13cffc3033cf0659e3a9f023380c,1963-08-22T06:50:40.662Z,59,2015-11-04T08:46:13.253Z,6,0121 141 4339,07256 831432,NINO,RR 52 87 91 R,https://randomuser.me/api/portraits/men/22.jpg,https://randomuser.me/api/portraits/med/men/22.jpg,https://randomuser.me/api/portraits/thumb/men/22.jpg,GB
male,Mr,Martín,Guerrero,9412,Calle de Argumosa,Palma de Mallorca,Castilla y León,Spain,35197,75.9465,-176.4806,+9:00,"Tokyo, Seoul, Osaka, Sapporo, Yakutsk",martin.guerrero@example.com,75aabd9b-c2da-43bb-b650-3c115f84aaea,beautifulkoala794,access,JbCoJ6bS,c51d2309c774e4079a2fa91cbefa6d7d,afd7a284815d79ffa4f9dae6d03c5b02f8a6340e,90875051907a6569b910e1f0aa22d88824a878d729392342fedf7a88e13659f7,1976-02-25T05:47:52.443Z,46,2007-12-23T12:14:26.056Z,14,914-901-294,614-427-522,DNI,91992894-E,https://randomuser.me/api/portraits/men/39.jpg,https://randomuser.me/api/portraits/med/men/39.jpg,https://randomuser.me/api/portraits/thumb/men/39.jpg,ES
female,Mrs,Lucineide,da Mata,6321,Rua Primeiro de Maio ,Vitória da Conquista,Rio Grande do Norte,Brazil,50373,10.4632,167.6143,+3:30,Tehran,lucineide.damata@example.com,565f1b37-3e1b-4395-b0db-ff850c5fbd23,heavytiger537,1029,DGo2ww2W,7c3209331a9ee9c479be16ac297b92d4,9c97784cd8b39d6b5ba4f505dde595f4baeb3341,1ac4af611ed4efeaa178c796a02a57614f74495d57eb73246e7677371ca21efc,1994-01-23T15:25:16.253Z,28,2015-01-11T08:48:37.160Z,7,(69) 3210-0369,(12) 3776-3485,CPF,546.929.182-58,https://randomuser.me/api/portraits/women/88.jpg,https://randomuser.me/api/portraits/med/women/88.jpg,https://randomuser.me/api/portraits/thumb/women/88.jpg,BR
male,Mr,Murat,Kunter,637,Istiklal Cd,Hakkâri,Yozgat,Turkey,42679,56.8732,108.58,+10:00,"Eastern Australia, Guam, Vladivostok",murat.kunter@example.com,31cf815f-b550-4ea4-b8c4-586a645c0d32,whitebird455,linkin,ypygoVo1,41a3c8b1ca9a906d59bc9314e46bd4c4,c4700998aba3aaba79e68b86a292d32ee7a14ae7,4f4849fbe8efeef12e40adcdc2cb7691e9150355d676ccfd86f0fc1d31fb983f,1980-01-01T13:02:10.855Z,42,2016-05-26T15:26:15.125Z,6,(457)-881-9834,(323)-571-5044,,,https://randomuser.me/api/portraits/men/74.jpg,https://randomuser.me/api/portraits/med/men/74.jpg,https://randomuser.me/api/portraits/thumb/men/74.jpg,TR
male,Mr,Armin,Held,1081,Brunnenstraße,Aach,Baden-Württemberg,Germany,16309,56.4319,-156.1809,-9:00,Alaska,armin.held@example.com,be7efbf3-6453-4257-9008-0483d2cfec4f,smallsnake797,nono,vNR5996w,87d3fe2e0f621691e2e4505e6edd5011,42029393ac28d453e6ead8bb383a446371d507fa,a8b795dc530b0e19fc2fca5f4d2ae95fd9f9728858a65c611eb264ee005407b0,1962-04-17T19:02:49.831Z,60,2004-07-24T20:12:12.161Z,18,0511-4784805,0172-8186812,SVNR,13 170462 H 244,https://randomuser.me/api/portraits/men/82.jpg,https://randomuser.me/api/portraits/med/men/82.jpg,https://randomuser.me/api/portraits/thumb/men/82.jpg,DE
female,Miss,Paula,Iglesias,8798,Calle de Toledo,Lorca,Cantabria,Spain,38032,-45.0043,150.8206,+7:00,"Bangkok, Hanoi, Jakarta",paula.iglesias@example.com,95415a45-98fd-4022-be5a-436392a1655d,beautifullion265,charger,WrNZBxnW,3ff79d64db92aa2e578aefd8ac945484,3ce42d476dcd4b6e2450c89d764b5e2db89976b7,a97acee774d861e52856554b7b4800f461ac2c5e933b6c444b33257612de0dd3,1957-09-16T14:34:04.307Z,65,2010-06-19T19:43:46.814Z,12,969-013-715,606-337-305,DNI,68801233-B,https://randomuser.me/api/portraits/women/90.jpg,https://randomuser.me/api/portraits/med/women/90.jpg,https://randomuser.me/api/portraits/thumb/women/90.jpg,ES
male,Mr,Dylan,Lo,348,20th Ave,Dorchester,New Brunswick,Canada,B1K 5Q7,37.991,55.5771,0:00,"Western Europe Time, London, Lisbon, Casablanca",dylan.lo@example.com,5efd6ee1-d1d7-416d-89c1-69f42c9b9269,happypeacock825,jjjjj,2xb5JW7C,0fb1432e359df29471ec3103127b250f,27405d03dfdbb948d332e5c367a6f856e7519f84,f212c6505f19cf9138f53826e06ef2b492a958118438333302573ef93ad6a7b2,1973-08-28T07:00:41.402Z,49,2017-01-28T21:27:59.787Z,5,C49 Z91-4088,Z67 F84-1806,SIN,739358752,https://randomuser.me/api/portraits/men/49.jpg,https://randomuser.me/api/portraits/med/men/49.jpg,https://randomuser.me/api/portraits/thumb/men/49.jpg,CA
female,Ms,Ruby,de la Crúz,91,Pasaje Quesada,Capilla de Guadalupe,Tlaxcala,Mexico,42739,-10.0917,-157.0156,+4:30,Kabul,ruby.delacruz@example.com,6be0a894-dd99-451d-b753-205c9046e92a,purplemouse749,soft,7PgNZTVG,257bde2552d2074767c0fa96f0b98c2d,35b3d46088f48aab7cb3b838d20ab5b8dec0c40e,47a03354e4550e7c97b4136c1557538577890bda8b50441e4117ba870ea14dfc,1954-01-29T12:40:27.193Z,68,2018-07-03T01:25:18.934Z,4,(600) 905 9971,(653) 247 9524,NSS,59 52 95 5096 3,https://randomuser.me/api/portraits/women/67.jpg,https://randomuser.me/api/portraits/med/women/67.jpg,https://randomuser.me/api/portraits/thumb/women/67.jpg,MX
male,Mr,Babür,Egeli,7383,Vatan Cd,Denizli,Bingöl,Turkey,69286,87.0976,107.3172,+9:30,"Adelaide, Darwin",babur.egeli@example.com,e759b974-07e8-497e-9aa9-0ec750d1715d,crazysnake467,cramps,eS3MCJ1A,453f1ef568c969ae50a4559cb56fd7d8,f274f7f9123307f25a9a20bb54e246084608ffa5,134b4c8846af38e55aa4911151a1a00cc2a457fb056231e6d46cbeda9e438e55,1988-08-05T17:54:48.568Z,34,2017-12-15T19:02:53.734Z,4,(058)-642-9803,(421)-113-8737,,,https://randomuser.me/api/portraits/men/87.jpg,https://randomuser.me/api/portraits/med/men/87.jpg,https://randomuser.me/api/portraits/thumb/men/87.jpg,TR
male,Mr,Mohamed,Arias,517,Calle de Atocha,Gandía,Navarra,Spain,54605,45.1876,-11.806,-8:00,Pacific Time (US & Canada),mohamed.arias@example.com,0c2d8b67-f475-4a32-918a-7edf3f104e9d,crazykoala560,cheng,DJjKRvPh,a108011193ff3ca21b2584d731bdbaac,b4aeecb67168d8a095dcd1955a4d5d7a04b42cc0,64ff0a6ce2e27560557fc23610d76a0ca27dfebbf9b1c6fa991c413eed45820b,1952-11-28T23:32:49.375Z,69,2009-06-22T20:47:32.100Z,13,973-437-770,659-636-527,DNI,86938356-Q,https://randomuser.me/api/portraits/men/39.jpg,https://randomuser.me/api/portraits/med/men/39.jpg,https://randomuser.me/api/portraits/thumb/men/39.jpg,ES
